time_s,vehicles_in_network,mean_speed_km_h,total_waiting_time_s,total_time_loss_s,stopped_vehicles,reward,action_J1,action_J2,action_J3
5.0,9,22.14344240223523,0.0,21.210835993059888,1,-3.8,1,0,0
10.0,11,14.36567751691492,16.0,56.53957941215395,6,-14.52,1,0,0
15.0,19,15.84585093697134,30.0,105.27397185985404,4,-12.4,1,0,0
20.0,18,16.235699799423823,36.0,136.095514240401,6,-16.32,0,1,0
25.0,20,4.3872350064563275,32.0,138.3726754746161,13,-30.64,0,0,1
30.0,19,14.838473859639427,15.0,154.06384048288453,4,-12.100000000000001,0,0,0
35.0,16,22.458825756608892,24.0,181.9969267365346,5,-13.68,1,0,0
40.0,22,22.943211375920185,16.0,205.1075700647073,2,-8.72,1,1,0
45.0,20,22.215217611300385,9.0,174.26890703648928,6,-16.18,1,0,0
50.0,21,5.6123656257023855,22.0,165.35090528769427,5,-14.64,0,1,0
55.0,21,14.374165704711832,50.0,219.37633942220174,9,-23.2,0,0,1
60.0,16,8.063183415028488,48.0,254.9440990099623,7,-18.16,0,0,0
65.0,24,21.897172751371862,30.0,310.04352221407663,4,-13.4,1,0,0
70.0,24,19.57056354909069,20.0,317.40304570951383,7,-19.200000000000003,1,1,0
75.0,26,21.61214198103484,34.0,243.91324847851197,5,-15.879999999999999,1,0,0
80.0,23,12.22730933821555,46.0,267.5926696631031,10,-25.520000000000003,0,1,0
85.0,25,3.4929309077218154,63.0,293.59894986824696,18,-42.26,0,0,1
90.0,24,11.65729742898305,55.0,332.3794409841174,6,-17.9,0,0,0
95.0,19,17.075157360410746,36.0,297.54947338578376,6,-16.52,1,0,0
100.0,26,23.66726120439976,18.0,320.24438281021395,2,-9.56,1,1,0
105.0,24,20.87566455311322,10.0,260.0259293104933,8,-21.0,1,0,0
110.0,24,5.281996559396419,44.0,255.78659359118956,10,-25.68,0,1,0
115.0,24,12.673802041717247,84.0,322.4117632020675,12,-30.48,0,0,1
120.0,18,6.219505232505053,55.0,349.7839812979368,8,-20.700000000000003,0,0,0
125.0,26,22.583660098317655,12.0,377.42279360530466,4,-13.440000000000001,1,0,0
130.0,23,20.993563907545955,14.0,283.6328711616829,6,-16.88,1,1,0
135.0,25,21.91393362283671,25.0,204.98376483932705,5,-15.5,1,0,0
140.0,21,14.187189619845695,26.0,203.91980086879772,6,-16.72,0,1,0
145.0,23,3.282364320111645,46.0,216.03321848729362,17,-39.52,0,0,1
150.0,22,13.898513791283774,24.0,271.57074016300425,4,-12.88,0,0,0
155.0,18,23.084419507296495,17.0,261.7119139306593,4,-11.94,1,0,0
160.0,23,24.54312968462297,16.0,238.39353385927566,2,-8.920000000000002,1,1,0
165.0,20,20.854037620229438,7.0,176.46163860425568,6,-16.14,1,0,0
170.0,23,9.409452820020658,32.0,195.90448802974387,7,-19.240000000000002,0,1,0
175.0,21,14.238904491655525,66.0,231.09042926802084,11,-27.52,0,0,1
180.0,15,6.930013373529474,46.0,247.21408034631102,6,-15.92,0,0,0
185.0,23,22.163666821019046,23.0,285.50206459391916,4,-13.060000000000002,1,0,0
190.0,23,19.03036736581712,15.0,289.4699880195563,6,-16.900000000000002,1,1,0
195.0,25,21.449677548427594,28.0,221.32733481636137,4,-13.56,1,0,0
200.0,23,13.298506668337616,39.0,258.9930913171442,7,-19.38,0,1,0
205.0,24,4.252957555077389,57.0,264.91138262402205,17,-39.94,0,0,1
210.0,22,11.97200051699187,46.0,286.9576493648372,6,-17.32,0,0,0
215.0,19,20.566626981889208,26.0,313.3044162060489,5,-14.32,1,0,0
220.0,25,24.300656507459045,18.0,294.95491732080615,2,-9.36,1,1,0
225.0,22,20.441528903767743,12.0,226.69118734152403,8,-20.64,1,0,0
230.0,23,4.816760554127467,38.0,230.6671559798328,8,-21.360000000000003,0,1,0
235.0,23,12.33322853045722,73.0,296.06019166121496,11,-28.060000000000002,0,0,1
240.0,17,5.7914963797136005,42.0,319.1919350413289,7,-18.240000000000002,0,0,0
245.0,26,24.23500151420505,18.0,395.9133555452657,4,-13.559999999999999,1,0,0
250.0,23,21.14103387887442,12.0,299.6378325944687,5,-14.84,1,1,0
255.0,26,22.19288977472498,24.0,243.27844478389486,4,-13.68,1,0,0
260.0,22,12.263173094847449,37.0,252.38687459547958,10,-25.14,0,1,0
265.0,24,3.2324563646747286,70.0,271.78194466012474,18,-42.2,0,0,1
270.0,23,11.475450419511048,40.0,318.89369443657796,6,-17.400000000000002,0,0,0
275.0,19,19.135845452596243,23.0,288.93478333550166,4,-12.260000000000002,1,0,0
280.0,25,23.35035024408905,18.0,284.1070931399323,2,-9.36,1,1,0
285.0,23,21.26086830432173,10.0,232.06999080458988,7,-18.8,1,0,0
290.0,25,6.817641589803414,37.0,241.23421792562922,9,-23.74,0,1,0
295.0,23,12.977530750194184,75.0,283.1769517723993,11,-28.1,0,0,1
300.0,18,8.182148139347394,44.0,323.9288574031168,7,-18.48,0,0,0
305.0,26,23.826123559740438,27.0,381.93027074847777,5,-15.739999999999998,1,0,0
310.0,22,20.091618582821425,11.0,279.94520627945565,6,-16.62,1,1,0
315.0,25,23.43891002162151,15.0,218.90386709099894,3,-11.3,1,0,0
320.0,22,13.240803822804729,13.0,225.34050841517757,7,-18.66,0,1,0
325.0,24,4.507838018226384,52.0,250.56531930847322,18,-41.84,0,0,1
330.0,23,11.53128226348016,38.0,301.9259218057262,6,-17.36,0,0,0
335.0,19,22.275639214182707,18.0,321.66232198666177,4,-12.16,1,0,0
340.0,24,24.047226899184317,17.0,269.01317378427683,2,-9.14,1,1,0
345.0,23,23.058728879228717,9.0,234.15617178882275,6,-16.78,1,0,0
350.0,22,5.667219456381542,36.0,200.0935162776739,9,-23.119999999999997,0,1,0
355.0,23,16.1623671328618,67.0,274.6338338495558,11,-27.94,0,0,1
360.0,16,7.459189953514437,37.0,284.99879979021404,6,-15.940000000000001,0,0,0
365.0,23,24.71172395153577,22.0,273.89146051527393,4,-13.04,1,0,0
370.0,22,17.319425458800744,15.0,257.5205776573759,5,-14.700000000000001,1,1,0
375.0,25,24.600972105389413,24.0,217.45849888133876,3,-11.48,1,0,0
380.0,21,14.208532615866652,20.0,211.88184599286961,6,-16.6,0,1,0
385.0,22,4.2084258484497195,47.0,209.27374824396645,17,-39.339999999999996,0,0,1
390.0,21,12.399137712713173,50.0,250.69859400902382,7,-19.2,0,0,0
395.0,18,18.989912972817756,43.0,269.3892780465703,6,-16.46,1,0,0
400.0,25,21.89476251025733,19.0,296.7907950063439,3,-11.379999999999999,1,1,0
405.0,23,21.557305114183773,8.0,247.4070990715389,5,-14.760000000000002,1,0,0
410.0,24,7.278270941726144,30.0,235.6790127726193,8,-21.400000000000002,0,1,0
415.0,23,11.923596247024028,65.0,299.2540409663264,11,-27.900000000000002,0,0,1
420.0,18,8.26690579359678,56.0,330.5440022755297,7,-18.720000000000002,0,0,0
425.0,25,20.99981706305634,27.0,364.72532289903165,4,-13.54,1,0,0
430.0,25,20.649205533808217,16.0,352.5200560198644,6,-17.32,1,1,0
435.0,28,20.531320219948405,34.0,291.559434874846,6,-18.28,1,0,0
440.0,24,11.477640243051438,53.0,308.96702061291217,11,-27.86,0,1,0
445.0,26,3.8947700340265485,80.0,338.7880055630267,19,-44.800000000000004,0,0,1
450.0,24,9.912443727978879,54.0,370.7409325225273,6,-17.880000000000003,0,0,0
455.0,22,21.3092608714362,23.0,430.0333114714655,4,-12.860000000000001,1,0,0
460.0,25,23.871444955340817,18.0,281.1633734031252,2,-9.36,1,1,0
465.0,23,22.198271011204202,11.0,234.71934966101304,7,-18.82,1,0,0
470.0,23,4.253190852119266,40.0,218.08752536950192,9,-23.400000000000002,0,1,0
475.0,23,11.776955638329785,79.0,285.2639956732208,11,-28.18,0,0,1
480.0,18,7.563262412246514,47.0,325.23387171491817,7,-18.54,0,0,0
485.0,25,22.428329556329736,27.0,335.94410390414504,5,-15.54,1,0,0
490.0,23,19.790093055655817,13.0,288.9641507420702,6,-16.86,1,1,0
495.0,25,21.379291660979124,23.0,216.81803801425883,5,-15.46,1,0,0
500.0,22,11.207099421032725,31.0,238.98620741479675,9,-23.020000000000003,0,1,0
505.0,26,6.116700079410518,67.0,298.1546860086202,19,-44.540000000000006,0,0,1
510.0,24,11.798920336602762,58.0,331.9554145863674,8,-21.96,0,0,0
515.0,19,17.357010538536695,35.0,286.58649646475016,6,-16.5,1,0,0
520.0,25,23.521566019250205,19.0,315.1147893447771,2,-9.379999999999999,1,1,0
525.0,22,20.558316406188375,10.0,245.8578962165264,7,-18.6,1,0,0
530.0,23,6.25329076352709,36.0,246.6940944974994,9,-23.32,0,1,0
535.0,23,11.466982486869783,73.0,315.92933490002156,12,-30.060000000000002,0,0,1
540.0,18,8.128121121269553,45.0,347.0330322899817,7,-18.5,0,0,0
545.0,25,22.902741988870567,23.0,373.28335122808926,4,-13.46,1,0,0
550.0,22,21.76902197793685,15.0,283.61481940465967,5,-14.700000000000001,1,1,0
555.0,25,21.816115272422074,27.0,227.21725575623034,4,-13.54,1,0,0
560.0,23,13.706502438860763,31.0,249.51018564868133,7,-19.22,0,1,0
565.0,24,5.116650081247596,61.0,266.1953596657694,17,-40.019999999999996,0,0,1
570.0,22,12.128305657723836,46.0,292.4922187421994,6,-17.32,0,0,0
575.0,18,18.181853778404175,25.0,268.576482211017,5,-14.1,1,0,0
580.0,25,24.96751755031851,16.0,298.8276573154569,2,-9.32,1,1,0
585.0,22,19.926556313142164,9.0,233.21378560339826,6,-16.58,1,0,0
590.0,24,6.976044328746692,35.0,238.81516436599654,8,-21.5,0,1,0
595.0,24,13.684011512436125,71.0,313.87306922196444,12,-30.220000000000002,0,0,1
600.0,17,6.010834459971403,44.0,324.474112729299,6,-16.28,0,0,0
605.0,25,22.588626316698072,16.0,354.9374661418944,4,-13.32,1,0,0
610.0,24,21.135925842778274,16.0,308.1133390650352,6,-17.12,1,1,0
615.0,27,20.47484287239649,32.0,253.35208352019933,6,-18.04,1,0,0
620.0,23,12.598809210586326,45.0,264.38688964052477,9,-23.5,0,1,0
625.0,26,5.271561438260463,70.0,310.8549519613826,19,-44.6,0,0,1
630.0,23,10.588243856622329,47.0,318.655064378371,6,-17.54,0,0,0
635.0,19,19.719320393952437,22.0,287.6828457737143,4,-12.24,1,0,0
640.0,25,24.87604240835983,16.0,278.8087710115882,2,-9.32,1,1,0
645.0,22,20.393951159722437,13.0,213.50502042871162,8,-20.660000000000004,1,0,0
650.0,23,5.238697203244605,40.0,214.87634076741128,9,-23.400000000000002,0,1,0
655.0,23,13.260443562607097,70.0,278.4067185236731,10,-26.0,0,0,1
660.0,17,5.655192846472778,38.0,301.39259590010073,7,-18.16,0,0,0
665.0,24,22.594394672915723,16.0,290.7556137315301,4,-13.120000000000001,1,0,0
670.0,22,20.180384941324114,17.0,260.40866008307154,6,-16.740000000000002,1,1,0
675.0,24,21.863431364147,25.0,190.44347671188692,5,-15.3,1,0,0
680.0,21,12.723778615421757,27.0,204.7313993932172,7,-18.74,0,1,0
685.0,23,3.184172566700044,55.0,219.4851741932626,18,-41.7,0,0,1
690.0,22,11.374969295647903,42.0,262.2976239389535,7,-19.240000000000002,0,0,0
695.0,19,19.345058730596396,32.0,285.75659608378425,6,-16.44,1,0,0
700.0,24,22.50682783899157,17.0,276.793327888888,2,-9.14,1,1,0
705.0,23,23.288751007962777,8.0,238.21022528430845,6,-16.76,1,0,0
710.0,23,7.382160530443794,29.0,216.31133919813942,7,-19.18,0,1,0
715.0,22,13.974171566656837,60.0,271.2734132162031,11,-27.6,0,0,1
720.0,16,6.710643589641463,49.0,292.14382637150044,7,-18.18,0,0,0
725.0,23,20.464500677431595,20.0,285.4402677901544,4,-13.0,1,0,0
730.0,23,20.316868691872877,15.0,316.4263679124029,5,-14.900000000000002,1,1,0
735.0,26,22.414397459425388,27.0,261.10038298314225,5,-15.739999999999998,1,0,0
740.0,22,12.201291161939993,33.0,265.5535628363207,8,-21.060000000000002,0,1,0
745.0,24,3.4144059102494655,70.0,289.72524215603863,19,-44.2,0,0,1
750.0,23,11.569660270375937,48.0,339.747126479958,6,-17.560000000000002,0,0,0
755.0,20,21.452002705168503,28.0,350.5433154185975,5,-14.56,1,0,0
760.0,25,25.094064198021652,18.0,300.6422304127312,2,-9.36,1,1,0
765.0,22,20.833816976027396,6.0,232.41837159489324,5,-14.52,1,0,0
770.0,23,5.232931911401097,40.0,235.63886302662664,10,-25.400000000000002,0,1,0
775.0,23,13.149319044374256,78.0,301.5944203589876,11,-28.16,0,0,1
780.0,17,6.134747690970987,47.0,325.20411984699837,7,-18.34,0,0,0
785.0,24,22.241300112354264,18.0,310.2634195215781,4,-13.16,1,0,0
790.0,22,23.93752986928422,9.0,295.0406715448057,4,-12.58,1,1,0
795.0,24,21.56366072368923,17.0,214.10920216806358,4,-13.14,1,0,0
800.0,20,11.374640961307072,25.0,229.2606839689527,7,-18.5,0,1,0
805.0,23,2.4524164803712707,72.0,249.1867374634754,18,-42.04,0,0,1
810.0,24,13.141295535787002,45.0,332.47942379145,5,-15.700000000000001,0,0,0
815.0,19,20.17985707036807,26.0,286.8931724945888,5,-14.32,1,0,0
820.0,25,23.725077446026624,18.0,280.0994791671677,2,-9.36,1,1,0
825.0,22,19.9309054180146,8.0,217.1651627803431,6,-16.560000000000002,1,0,0
830.0,24,5.697663676753278,35.0,237.59491432051144,9,-23.5,0,1,0
835.0,23,11.950970996654203,77.0,282.0359058749955,11,-28.14,0,0,1
840.0,18,8.328485506261835,48.0,323.70889984213863,7,-18.560000000000002,0,0,0
845.0,25,22.33007788139666,31.0,340.15063454170036,4,-13.62,1,0,0
850.0,23,18.43057685948353,12.0,290.2184055428954,7,-18.84,1,1,0
855.0,26,22.186018859837652,24.0,229.05787618065327,5,-15.68,1,0,0
860.0,23,13.397972684640058,25.0,249.69082324272506,6,-17.1,0,1,0
865.0,24,3.169128206651243,51.0,252.3701912941063,18,-41.82000000000001,0,0,1
870.0,23,10.711745570747,36.0,300.6538952388005,6,-17.32,0,0,0
875.0,21,20.652586247750406,20.0,356.8414527867461,5,-14.600000000000001,1,0,0
880.0,25,25.060488800263624,18.0,270.300117054223,3,-11.36,1,1,0
885.0,22,21.277721067512697,16.0,223.14684322279737,8,-20.72,1,0,0
890.0,22,5.46383863154271,42.0,205.6808069046955,9,-23.240000000000002,0,1,0
895.0,22,14.61522886717226,78.0,267.6486633455276,11,-27.96,0,0,1
900.0,16,7.92558919245562,42.0,289.35947104498774,6,-16.04,0,0,0
905.0,23,22.277630151166992,23.0,281.693987282023,4,-13.060000000000002,1,0,0
910.0,23,20.274964197462726,19.0,281.8146406131399,6,-16.98,1,1,0
915.0,26,21.33572678205433,32.0,233.2109436993545,4,-13.84,1,0,0
920.0,22,12.389080644582043,41.0,238.80622093622426,7,-19.22,0,1,0
925.0,24,4.211916549049266,57.0,261.35184998509743,18,-41.94,0,0,1
930.0,24,14.355655581995956,51.0,306.03476762884696,6,-17.82,0,0,0
935.0,20,20.508175112330758,29.0,339.7440199311088,5,-14.58,1,0,0
940.0,25,24.77401769401904,17.0,295.0094472625398,2,-9.34,1,1,0
945.0,22,20.134663560328473,7.0,228.80162266584705,4,-12.540000000000001,1,0,0
950.0,23,5.89435562472801,35.0,230.99722302634135,8,-21.3,0,1,0
955.0,24,14.369139644376638,70.0,308.57617522468246,11,-28.2,0,0,1
960.0,17,6.51397181494884,46.0,321.24719535167714,7,-18.32,0,0,0
965.0,25,22.835143932722836,19.0,354.1725380049317,4,-13.38,1,0,0
970.0,24,20.926891756974253,17.0,309.68880944641705,6,-17.14,1,1,0
975.0,27,19.80758266875211,33.0,251.78489080169464,6,-18.060000000000002,1,0,0
980.0,24,13.959829088100546,46.0,279.4696711392852,9,-23.720000000000002,0,1,0
985.0,25,3.873647220244204,62.0,291.8607433695981,18,-42.24,0,0,1
990.0,23,11.633666742075606,39.0,318.90630389133145,6,-17.38,0,0,0
995.0,19,20.19669461252384,24.0,285.77679112410925,4,-12.280000000000001,1,0,0
1000.0,24,22.30440877653702,19.0,252.0998144795498,2,-9.18,1,1,0
1005.0,21,20.035462746314884,10.0,188.49871792449574,7,-18.4,1,0,0
1010.0,23,7.1990792616923125,32.0,188.35757444427287,7,-19.240000000000002,0,1,0
1015.0,22,13.22267239265421,63.0,241.53505928874375,9,-23.660000000000004,0,0,1
1020.0,17,8.244334353429156,43.0,276.0465258934478,6,-16.259999999999998,0,0,0
1025.0,24,21.50900140519009,15.0,293.3587207135083,4,-13.100000000000001,1,0,0
1030.0,22,22.87546345290521,9.0,280.3192896583943,4,-12.58,1,1,0
1035.0,24,22.756785865442772,18.0,200.10920624160389,5,-15.16,1,0,0
1040.0,21,12.275183903843851,28.0,219.22444202729793,11,-26.759999999999998,0,1,0
1045.0,23,2.8870075890950413,73.0,233.61674514343414,18,-42.06,0,0,1
1050.0,23,10.487169004755344,41.0,304.1984173865562,7,-19.42,0,0,0
1055.0,20,20.725875612349682,21.0,318.6574334966777,5,-14.42,1,0,0
1060.0,25,22.832509109411582,19.0,274.1579146466083,3,-11.379999999999999,1,1,0
1065.0,22,19.461774928097697,9.0,212.30232271480054,8,-20.58,1,0,0
1070.0,22,4.88077830234317,36.0,208.90665546049124,8,-21.119999999999997,0,1,0
1075.0,22,14.702857446721374,74.0,272.69832966131884,11,-27.880000000000003,0,0,1
1080.0,16,6.8038800336584115,45.0,294.19537850965696,6,-16.1,0,0,0
1085.0,24,21.624142282488123,22.0,330.5782604683572,4,-13.24,1,0,0
1090.0,22,21.51927944687861,12.0,277.7952063940445,4,-12.64,1,1,0
1095.0,27,23.346945880735362,22.0,279.02782808398075,4,-13.84,1,0,0
1100.0,22,14.43294395698428,26.0,234.3564410005321,8,-20.92,0,1,0
1105.0,23,4.214111298096849,56.0,246.32826618611452,18,-41.72,0,0,1
1110.0,22,13.13763223949905,40.0,291.29386995994037,5,-15.200000000000001,0,0,0
1115.0,19,23.315321742836183,28.0,306.00469586134324,5,-14.360000000000001,1,0,0
1120.0,24,22.400162055996205,17.0,265.7801224906019,2,-9.14,1,1,0
1125.0,21,20.291232493957857,8.0,206.76837565383934,6,-16.36,1,0,0
1130.0,24,8.719562869798827,31.0,212.65995251201787,9,-23.42,0,1,0
1135.0,22,13.545216708929342,66.0,260.19202107320365,12,-29.72,0,0,1
1140.0,16,7.578732547397268,48.0,280.3570330227279,7,-18.16,0,0,0
1145.0,24,22.871026735198416,19.0,320.3081716064849,4,-13.180000000000001,1,0,0
1150.0,23,19.29574118266027,12.0,304.73719743026044,5,-14.84,1,1,0
1155.0,25,20.884223446305757,24.0,227.80176768295283,4,-13.48,1,0,0
1160.0,22,12.612926506376187,33.0,249.70249242193296,8,-21.060000000000002,0,1,0
1165.0,24,3.189132105980307,67.0,270.2485007281277,18,-42.14,0,0,1
1170.0,24,12.527601481287512,44.0,331.41030897613626,6,-17.68,0,0,0
1175.0,20,21.51812371483066,25.0,333.33262658167416,5,-14.5,1,0,0
1180.0,25,24.107917784345446,18.0,279.8545860839057,2,-9.36,1,1,0
1185.0,23,19.312866922018273,9.0,228.27820119501678,7,-18.78,1,0,0
1190.0,24,6.916691768042508,35.0,233.01659496208475,7,-19.5,0,1,0
1195.0,23,13.195301519402818,71.0,276.05951113582915,10,-26.020000000000003,0,0,1
1200.0,17,6.249785982013618,44.0,299.2548222680691,6,-16.28,0,0,0
1205.0,26,23.063684778842255,14.0,372.5005050712952,3,-11.48,1,0,0
1210.0,23,20.124313831286617,15.0,290.68158050116807,5,-14.900000000000002,1,1,0
1215.0,26,21.651379118302913,25.0,232.5894884581965,5,-15.7,1,0,0
1220.0,22,11.823489619904024,33.0,237.72916493012082,8,-21.060000000000002,0,1,0
1225.0,24,2.988128639184192,67.0,257.8438393588975,19,-44.14,0,0,1
1230.0,24,11.305321947330926,43.0,330.97524273739384,7,-19.66,0,0,0
1235.0,20,20.220195681896232,33.0,321.8822007543752,6,-16.66,1,0,0
1240.0,25,22.13533011810305,18.0,278.1924815650421,3,-11.36,1,1,0
1245.0,22,20.342542731630598,7.0,210.29511475532718,6,-16.54,1,0,0
1250.0,23,7.006598912038498,26.0,226.53912013055646,6,-17.12,0,1,0
1255.0,22,13.72982043974399,61.0,269.8878515279924,11,-27.619999999999997,0,0,1
1260.0,17,9.01058448551127,42.0,308.780231060322,6,-16.240000000000002,0,0,0
1265.0,23,22.973257587344982,23.0,286.1587357951058,4,-13.060000000000002,1,0,0
1270.0,23,17.75598862383825,19.0,293.0521588739045,7,-18.98,1,1,0
1275.0,26,21.80029171771448,35.0,237.93012857796606,5,-15.899999999999999,1,0,0
1280.0,22,12.036544349679737,46.0,251.8996562966421,7,-19.32,0,1,0
1285.0,25,6.098837597662743,61.0,294.34230145387926,18,-42.22,0,0,1
1290.0,22,11.712174956695648,50.0,300.4027999911569,6,-17.4,0,0,0
1295.0,19,21.08028437659617,28.0,308.459715773767,5,-14.360000000000001,1,0,0
1300.0,25,24.21443589088392,17.0,302.99886791083446,2,-9.34,1,1,0
1305.0,22,20.86820903889604,11.0,232.4694756873404,8,-20.619999999999997,1,0,0
1310.0,23,5.445258927163212,42.0,238.0971413845741,9,-23.44,0,1,0
1315.0,23,13.205750926916675,79.0,301.6322867570489,11,-28.18,0,0,1
1320.0,17,6.223495208472076,50.0,328.88462791975934,7,-18.4,0,0,0
1325.0,26,23.040917184625563,21.0,408.08682135907276,4,-13.620000000000001,1,0,0
1330.0,23,22.067354881327155,16.0,306.15956528348585,5,-14.920000000000002,1,1,0
1335.0,25,21.402605918186683,24.0,228.42379882386692,3,-11.48,1,0,0
1340.0,23,11.984655113827133,34.0,271.4460018131677,9,-23.28,0,1,0
1345.0,24,3.915077687981561,67.0,274.47335223239753,18,-42.14,0,0,1
1350.0,24,13.837026278870372,44.0,346.5975775905756,6,-17.68,0,0,0
1355.0,19,19.84365831887012,24.0,293.8392502485955,5,-14.280000000000001,1,0,0
1360.0,25,22.74926948250694,19.0,289.1002105877781,2,-9.379999999999999,1,1,0
1365.0,22,19.177607128786082,11.0,220.548194740657,7,-18.62,1,0,0
1370.0,24,6.198541573398591,35.0,237.97050344408862,7,-19.5,0,1,0
1375.0,23,12.66819280382555,71.0,282.4991713389026,11,-28.020000000000003,0,0,1
1380.0,18,8.778111151406872,40.0,320.2818737223731,6,-16.400000000000002,0,0,0
1385.0,24,22.10336890755006,14.0,286.5646229488777,3,-11.080000000000002,1,0,0
1390.0,23,21.393840577489968,18.0,280.2985927454011,5,-14.96,1,1,0
1395.0,26,20.691348028891206,27.0,227.90344272441294,4,-13.739999999999998,1,0,0
1400.0,22,12.886052236883918,35.0,231.09822728228986,9,-23.1,0,1,0
1405.0,25,5.090407233364507,62.0,268.5639321017524,18,-42.24,0,0,1
1410.0,24,13.233778284675383,35.0,309.12045963068226,6,-17.5,0,0,0
1415.0,19,21.53092353801634,17.0,262.82170337613945,5,-14.14,1,0,0
1420.0,23,21.48817644748262,16.0,206.9195270768645,3,-10.920000000000002,1,1,0
1425.0,21,21.873581080327256,10.0,168.26298576923125,7,-18.4,1,0,0
1430.0,21,5.3962473928420565,25.0,146.73464438951962,8,-20.7,0,1,0
1435.0,20,14.37960830888406,54.0,200.31207431205922,10,-25.08,0,0,1
1440.0,14,7.562267764182514,41.0,211.76341530075888,5,-13.620000000000001,0,0,0
1445.0,22,22.4834625351915,20.0,244.92232400975456,4,-12.8,1,0,0
1450.0,21,19.98291631397956,8.0,275.28728707451444,4,-12.36,1,1,0
1455.0,24,23.357517667144748,15.0,213.66978328856362,3,-11.100000000000001,1,0,0
1460.0,20,14.202863493462143,14.0,213.7038684874525,6,-16.28,0,1,0
1465.0,22,3.3582710502263704,58.0,228.508561845783,18,-41.559999999999995,0,0,1
1470.0,22,11.462556620121163,49.0,297.881364709204,6,-17.380000000000003,0,0,0
1475.0,19,21.471715024786082,28.0,307.8989263420195,5,-14.360000000000001,1,0,0
1480.0,25,22.565063956019088,18.0,301.86945201162877,2,-9.36,1,1,0
1485.0,23,20.85116770792317,6.0,248.76727806662,6,-16.72,1,0,0
1490.0,24,7.4947513859746016,37.0,242.01889316973507,9,-23.54,0,1,0
1495.0,23,13.106070492992535,74.0,301.1857257275218,11,-28.080000000000002,0,0,1
1500.0,18,8.255048999731915,50.0,341.27860152720643,7,-18.6,0,0,0
1505.0,24,22.52779307924523,20.0,309.616532035131,4,-13.200000000000001,1,0,0
1510.0,23,22.67169805835299,14.0,296.1442457930135,5,-14.879999999999999,1,1,0
1515.0,27,22.157461678865022,27.0,255.1198990811687,5,-15.94,1,0,0
1520.0,24,15.013244069488294,34.0,269.2505080493568,8,-21.48,0,1,0
1525.0,24,3.1768528799845126,65.0,270.19989337703487,19,-44.099999999999994,0,0,1
1530.0,23,11.336940460275065,42.0,319.3720158502378,7,-19.44,0,0,0
1535.0,19,20.762345151387755,24.0,287.22652889801043,5,-14.280000000000001,1,0,0
1540.0,24,24.12102472987215,16.0,249.71397224413047,2,-9.120000000000001,1,1,0
1545.0,22,21.807504825516734,5.0,201.79155919326215,5,-14.5,1,0,0
1550.0,22,5.264641478145853,28.0,186.42704890660835,7,-18.96,0,1,0
1555.0,22,14.181884814054351,61.0,244.03805620229588,9,-23.619999999999997,0,0,1
1560.0,16,6.404163522399267,45.0,262.0889044614955,6,-16.1,0,0,0
1565.0,23,21.174802559448835,15.0,260.9788478880056,4,-12.900000000000002,1,0,0
1570.0,23,23.397289209468966,17.0,287.842014167525,5,-14.940000000000001,1,1,0
1575.0,25,20.127538636270486,27.0,214.42042026364945,5,-15.54,1,0,0
1580.0,22,11.501060651048855,36.0,241.11702403220298,9,-23.119999999999997,0,1,0
1585.0,24,3.388930763251847,68.0,259.2191101397098,18,-42.16,0,0,1
1590.0,23,11.300914723482482,38.0,307.21844559028824,7,-19.36,0,0,0
1595.0,19,20.365260979814344,20.0,277.912610486861,5,-14.200000000000001,1,0,0
1600.0,25,23.147306809357225,17.0,272.9012215037851,3,-11.34,1,1,0
1605.0,23,20.583963592196447,11.0,220.47223401531335,9,-22.82,1,0,0
1610.0,24,6.236007082230845,37.0,227.939573224549,8,-21.54,0,1,0
1615.0,24,14.19891998809741,72.0,284.51918814611383,12,-30.240000000000002,0,0,1
1620.0,17,8.028651462505955,41.0,311.78247949754297,6,-16.22,0,0,0
1625.0,24,23.393247353281193,24.0,331.1157427318962,4,-13.280000000000001,1,0,0
1630.0,21,22.216667570100064,11.0,277.08461948656446,4,-12.420000000000002,1,1,0
1635.0,23,22.990692145953258,17.0,199.06112322393264,3,-10.940000000000001,1,0,0
1640.0,20,13.035174381067424,15.0,215.77747664969493,6,-16.3,0,1,0
1645.0,22,3.205447356805431,55.0,229.53992645833026,17,-39.5,0,0,1
1650.0,22,12.10819049289305,45.0,297.5616590311508,6,-17.3,0,0,0
1655.0,19,21.61037828466792,25.0,310.4697445275879,5,-14.3,1,0,0
1660.0,25,22.190396516027622,16.0,302.870817260423,2,-9.32,1,1,0
1665.0,23,20.4823351478806,9.0,252.57470638699877,7,-18.78,1,0,0
1670.0,23,5.546158849622848,37.0,238.46571769473795,10,-25.34,0,1,0
1675.0,23,12.959889587147497,78.0,305.97855810658376,12,-30.16,0,0,1
1680.0,17,7.048831956351533,49.0,329.6541738779113,7,-18.380000000000003,0,0,0
1685.0,24,21.702726071122076,21.0,319.0758581630035,4,-13.22,1,0,0
1690.0,24,20.712547558967668,19.0,316.63184636555224,6,-17.18,1,1,0
1695.0,26,20.2159470090315,34.0,241.4231147323554,6,-17.88,1,0,0
1700.0,23,12.136886946722683,43.0,268.3852942273008,8,-21.46,0,1,0
1705.0,26,5.18962806254406,64.0,315.51312122846645,18,-42.480000000000004,0,0,1
1710.0,24,12.43576667733075,41.0,346.61624520663,5,-15.620000000000001,0,0,0
1715.0,20,20.44328208010306,24.0,334.41122753640013,5,-14.48,1,0,0
1720.0,25,23.821402022478416,18.0,286.3134052159976,2,-9.36,1,1,0
1725.0,23,20.226014324185382,8.0,237.82255437901375,7,-18.76,1,0,0
1730.0,24,7.161015463281451,37.0,229.90685202542673,7,-19.54,0,1,0
1735.0,23,13.157456177363628,73.0,288.5637233014564,11,-28.060000000000002,0,0,1
1740.0,17,6.055950168873,40.0,311.450902996746,6,-16.200000000000003,0,0,0
1745.0,25,22.50691164006665,13.0,339.9875093272874,4,-13.26,1,0,0
1750.0,22,22.622421461080137,10.0,284.3707674302742,4,-12.6,1,1,0
1755.0,25,22.624901939756047,18.0,216.82416656615342,4,-13.36,1,0,0
1760.0,21,13.447787234064261,24.0,223.4343854615733,8,-20.68,0,1,0
1765.0,23,2.6573294224986226,68.0,237.60564442083017,18,-41.96,0,0,1
1770.0,23,11.210276797674336,41.0,307.4726064361718,6,-17.42,0,0,0
1775.0,21,20.85259663755709,18.0,364.0357756035172,5,-14.559999999999999,1,0,0
1780.0,25,24.1738104425338,16.0,270.18487694866593,3,-11.32,1,1,0
1785.0,22,19.50009089813931,9.0,205.16946792034904,7,-18.58,1,0,0
1790.0,24,6.459012286369108,39.0,210.30880750342757,10,-25.580000000000002,0,1,0
1795.0,23,13.466202401487495,73.0,269.44250310850606,11,-28.060000000000002,0,0,1
1800.0,17,7.0693401529162845,43.0,290.90272986854217,7,-18.259999999999998,0,0,0
1805.0,25,23.745440201115194,13.0,365.17457664476245,3,-11.26,1,0,0
1810.0,22,22.080668362095622,14.0,278.2514749908885,5,-14.68,1,1,0
1815.0,26,23.84300835470598,26.0,236.05388615408793,4,-13.719999999999999,1,0,0
1820.0,21,12.752137984013107,35.0,228.93560709128892,8,-20.9,0,1,0
1825.0,23,3.851292153355061,65.0,246.21308520858025,18,-41.9,0,0,1
1830.0,23,13.918710988876576,39.0,304.89640676564863,5,-15.379999999999999,0,0,0
1835.0,19,24.23623553818272,36.0,300.2100152676155,5,-14.520000000000001,1,0,0
1840.0,23,20.892966986190014,20.0,239.757040670811,2,-9.0,1,1,0
1845.0,21,22.95990001188705,7.0,194.469561713287,6,-16.34,1,0,0
1850.0,22,7.385702726825174,23.0,190.57923814668158,7,-18.86,0,1,0
1855.0,21,14.219550315255551,53.0,228.02349409543962,10,-25.259999999999998,0,0,1
1860.0,15,6.540158740654082,55.0,243.74113289321053,7,-18.1,0,0,0
1865.0,23,20.533528548325464,39.0,284.1712792317829,5,-15.379999999999999,1,0,0
1870.0,23,19.87718211467341,19.0,313.5873145838519,6,-16.98,1,1,0
1875.0,25,23.319114015326928,25.0,234.67832205161898,4,-13.5,1,0,0
1880.0,22,12.40387284312363,26.0,252.61379126037954,6,-16.92,0,1,0
1885.0,24,3.081332790258804,60.0,273.99926319938555,19,-44.0,0,0,1
1890.0,24,12.177541599211251,46.0,347.17300319216486,6,-17.72,0,0,0
1895.0,20,20.896981420353658,22.0,331.6693853049498,5,-14.44,1,0,0
1900.0,25,24.88576065526716,16.0,281.0631334041604,2,-9.32,1,1,0
1905.0,24,21.75446044022183,9.0,244.59810752745844,7,-18.98,1,0,0
1910.0,23,4.900839238822222,37.0,223.31474265822624,8,-21.34,0,1,0
1915.0,24,14.473312668421793,69.0,298.16290400782214,11,-28.18,0,0,1
1920.0,17,6.323047432415377,39.0,308.3020402342298,6,-16.18,0,0,0
1925.0,25,24.54793763222252,17.0,334.99926812263334,4,-13.34,1,0,0
1930.0,21,18.762431898872826,12.0,257.0176552784528,4,-12.440000000000001,1,1,0
1935.0,23,20.68623731591762,18.0,180.98598781411474,4,-12.96,1,0,0
1940.0,20,11.276106339881583,24.0,198.16920019881618,7,-18.48,0,1,0
1945.0,23,2.337935890770142,67.0,217.05561748596548,17,-39.940000000000005,0,0,1
1950.0,23,9.88750235188576,46.0,287.0985865637051,7,-19.52,0,0,0
1955.0,21,19.849707962915204,20.0,343.0564586111244,5,-14.600000000000001,1,0,0
1960.0,26,24.292844722261375,18.0,300.49139458546546,3,-11.56,1,1,0
1965.0,23,20.855517268980012,7.0,221.97909017667584,7,-18.740000000000002,1,0,0
1970.0,24,7.635186084493562,35.0,207.84147444961656,9,-23.5,0,1,0
1975.0,23,13.409782124107215,71.0,267.4343100668715,11,-28.020000000000003,0,0,1
1980.0,17,7.122977220463476,41.0,288.9144961625815,7,-18.22,0,0,0
1985.0,23,24.025310988409615,12.0,277.1331732189928,3,-10.84,1,0,0
1990.0,20,20.364348063433823,12.0,245.17406327864092,4,-12.24,1,1,0
1995.0,23,24.55590658264118,19.0,187.69904743428154,4,-12.98,1,0,0
2000.0,19,14.457038612009612,20.0,178.59036758981617,6,-16.2,0,1,0
2005.0,22,5.358966217497194,58.0,205.96803934193878,17,-39.559999999999995,0,0,1
2010.0,22,13.634938638660966,43.0,262.80206572085876,5,-15.26,0,0,0
2015.0,18,21.462709892585004,30.0,262.0051183040174,5,-14.2,1,0,0
2020.0,24,22.912143232479448,17.0,262.4920077042199,2,-9.14,1,1,0
2025.0,22,23.13910831505795,10.0,234.81339986819768,7,-18.6,1,0,0
2030.0,22,5.093528771914931,34.0,200.74639198683465,8,-21.08,0,1,0
2035.0,22,13.349304333436164,65.0,261.662765725962,11,-27.700000000000003,0,0,1
2040.0,16,6.292654419274685,49.0,283.24570625411013,7,-18.18,0,0,0
2045.0,23,21.219040013432142,20.0,280.42338809334854,4,-13.0,1,0,0
2050.0,22,23.253665609748797,13.0,301.08882737737395,4,-12.66,1,1,0
2055.0,24,22.492712259367362,18.0,217.57162301014617,3,-11.16,1,0,0
2060.0,22,13.060471518322611,19.0,255.1564041150714,7,-18.78,0,1,0
2065.0,23,3.197360063313407,63.0,257.28257835681893,18,-41.86,0,0,1
2070.0,23,11.221388783896654,40.0,327.6267585619386,5,-15.400000000000002,0,0,0
2075.0,19,19.35921713335785,23.0,297.2828143474014,5,-14.260000000000002,1,0,0
2080.0,25,23.806743998918083,17.0,288.95190858813083,2,-9.34,1,1,0
2085.0,23,20.719137758469916,11.0,236.40481827838184,7,-18.82,1,0,0
2090.0,24,8.048723707026609,34.0,225.78437203166033,7,-19.48,0,1,0
2095.0,23,13.337692834881967,74.0,286.148961986541,13,-32.08,0,0,1
2100.0,17,5.9934200982313675,42.0,310.75314110630933,6,-16.240000000000002,0,0,0
2105.0,24,23.075005098351426,16.0,295.92880122369473,4,-13.120000000000001,1,0,0
2110.0,23,18.828757711797774,18.0,262.4288063683614,6,-16.96,1,1,0
2115.0,27,22.13918581552419,33.0,230.91555093716772,5,-16.060000000000002,1,0,0
2120.0,23,11.116628069691336,47.0,237.20872464294817,10,-25.540000000000003,0,1,0
2125.0,25,5.648190809923315,60.0,264.1984207771664,17,-40.2,0,0,1
2130.0,22,11.604638414915737,45.0,267.0879285710566,5,-15.3,0,0,0
2135.0,20,20.57416160972669,37.0,320.7669875645568,7,-18.740000000000002,1,0,0
2140.0,25,20.92334572707223,18.0,278.7141332842717,3,-11.36,1,1,0
2145.0,23,21.403379811302752,10.0,245.57497051734774,8,-20.8,1,0,0
2150.0,23,4.8669073439469415,30.0,211.02175546496454,7,-19.2,0,1,0
2155.0,24,13.859391680098085,63.0,288.11167389272225,12,-30.060000000000002,0,0,1
2160.0,17,5.671079200509291,43.0,298.2133830333265,7,-18.259999999999998,0,0,0
2165.0,25,22.130578549447925,24.0,330.3320126724853,5,-15.48,1,0,0
2170.0,22,21.883357893569165,12.0,292.7807075431121,6,-16.64,1,1,0
2175.0,24,22.201082697886775,23.0,218.78917498190208,4,-13.260000000000002,1,0,0
2180.0,22,13.78183302521431,29.0,255.0757160331607,7,-18.98,0,1,0
2185.0,24,5.449998612577819,60.0,277.4644225064684,18,-42.0,0,0,1
2190.0,22,11.963059829323203,51.0,304.29063085104593,7,-19.42,0,0,0
2195.0,18,18.674294095905744,33.0,277.9243032510046,5,-14.26,1,0,0
2200.0,25,24.23699459155397,20.0,302.33258180329835,2,-9.4,1,1,0
2205.0,22,20.349789503982944,10.0,234.2228156733413,6,-16.6,1,0,0
2210.0,25,8.292673741959907,32.0,264.18170547201584,8,-21.64,0,1,0
2215.0,23,13.118164828279737,74.0,302.816153564511,12,-30.080000000000002,0,0,1
2220.0,19,11.282942442089267,52.0,364.71622007765615,7,-18.84,0,0,0
2225.0,25,23.46576810641852,19.0,362.19215424235637,4,-13.38,1,0,0
2230.0,23,20.192851960189433,15.0,308.4990571655778,5,-14.900000000000002,1,1,0
2235.0,26,22.8783836932111,29.0,254.64880680285938,5,-15.780000000000001,1,0,0
2240.0,22,12.705221884004938,39.0,257.94124817436034,8,-21.18,0,1,0
2245.0,24,2.933071902936616,69.0,278.77069084456633,18,-42.18000000000001,0,0,1
2250.0,24,12.632082538855851,44.0,339.77602999347675,6,-17.68,0,0,0
2255.0,19,20.171760152689437,25.0,295.12225205353195,4,-12.3,1,0,0
2260.0,25,23.55542255459233,19.0,290.72585775769284,2,-9.379999999999999,1,1,0
2265.0,23,21.73222652812548,12.0,238.1616813720358,7,-18.84,1,0,0
2270.0,24,7.927045481128849,38.0,231.39696747158445,8,-21.560000000000002,0,1,0
2275.0,23,11.41080859702518,73.0,290.6275039876174,12,-30.060000000000002,0,0,1
2280.0,18,7.438236268390465,45.0,318.20301786423744,7,-18.5,0,0,0
2285.0,25,23.234630921643586,16.0,338.6230495323889,3,-11.32,1,0,0
2290.0,21,22.363050241305473,10.0,248.815509171398,4,-12.399999999999999,1,1,0
2295.0,24,21.551268207828034,22.0,195.38751247908135,4,-13.24,1,0,0
2300.0,20,12.664476140791765,22.0,196.6710358825192,5,-14.44,0,1,0
2305.0,23,2.345916069454506,64.0,215.6784823274614,17,-39.88,0,0,1
2310.0,23,11.368605447576716,29.0,286.165204528248,5,-15.18,0,0,0
2315.0,19,21.133310190888167,21.0,263.8367874523726,5,-14.22,1,0,0
2320.0,24,21.35332062183755,17.0,239.87564551294705,3,-11.14,1,1,0
2325.0,21,22.355503479376704,8.0,176.50395281908663,7,-18.36,1,0,0
2330.0,24,10.974731953007876,24.0,178.15101078924343,7,-19.28,0,1,0
2335.0,21,15.098678094099627,44.0,201.18590830545713,9,-23.08,0,0,1
2340.0,15,5.818265053531635,29.0,212.97768789803987,6,-15.58,0,0,0
2345.0,24,23.90166773937889,9.0,279.86173223842036,4,-12.98,1,0,0
2350.0,22,20.39292121343663,9.0,250.6909045682753,5,-14.58,1,1,0
2355.0,22,24.01575930352086,15.0,166.9774625490461,3,-10.7,1,0,0
2360.0,19,12.677319007735694,13.0,180.66563080074582,5,-14.06,0,1,0
2365.0,22,5.438335709411461,56.0,210.06114972158167,17,-39.519999999999996,0,0,1
2370.0,21,11.53788825998504,41.0,256.15476211808675,4,-13.02,0,0,0
2375.0,18,21.115548067275515,27.0,272.039606113181,5,-14.139999999999999,1,0,0
2380.0,24,23.57832752282945,17.0,264.9386465173827,2,-9.14,1,1,0
2385.0,21,21.92734530212996,8.0,203.5000059430604,6,-16.36,1,0,0
2390.0,23,7.215774558333511,33.0,207.27420028334984,8,-21.26,0,1,0
2395.0,22,12.872470979347382,66.0,266.24063753865937,11,-27.72,0,0,1
2400.0,17,8.947862584970274,50.0,303.1138674355153,6,-16.4,0,0,0
2405.0,23,20.285874665028064,19.0,281.04943200753905,4,-12.98,1,0,0
2410.0,24,20.550042376290637,14.0,317.8100815101182,6,-17.08,1,1,0
2415.0,26,20.403022447866203,33.0,244.0863007532992,6,-17.86,1,0,0
2420.0,23,12.111758900045231,50.0,275.5809799671706,9,-23.6,0,1,0
2425.0,25,3.5846154569669597,72.0,300.75181627495294,19,-44.44,0,0,1
2430.0,24,12.537876138401012,47.0,340.2843164589781,6,-17.740000000000002,0,0,0
2435.0,20,20.68299556318268,22.0,337.5772766108345,4,-12.44,1,0,0
2440.0,25,25.5165610365983,15.0,286.3971869962297,2,-9.3,1,1,0
2445.0,23,20.289850437489953,9.0,239.41678719202687,7,-18.78,1,0,0
2450.0,25,9.151805568246564,36.0,264.83277890965974,9,-23.72,0,1,0
2455.0,23,12.081425303971907,75.0,292.19331760961563,12,-30.1,0,0,1
2460.0,18,8.75518249251978,44.0,319.31070980864564,6,-16.48,0,0,0
2465.0,24,20.94921986144762,17.0,302.66194702949247,4,-13.14,1,0,0
2470.0,22,21.21344982428474,12.0,286.01998179833464,4,-12.64,1,1,0
2475.0,25,21.29590366565235,20.0,221.01380043004212,4,-13.4,1,0,0
2480.0,23,15.464841648469235,21.0,245.27950047798217,6,-17.02,0,1,0
2485.0,23,2.569285865764729,67.0,241.65686871057167,18,-41.940000000000005,0,0,1
2490.0,24,12.590630075352262,43.0,324.91780769215956,7,-19.66,0,0,0
2495.0,20,20.825510573233746,26.0,322.40314483769737,4,-12.52,1,0,0
2500.0,25,23.938226065039846,19.0,276.6754259881731,3,-11.379999999999999,1,1,0
2505.0,23,21.422425222396456,9.0,226.1252345405468,7,-18.78,1,0,0
2510.0,24,7.412330878432277,37.0,213.0866565848535,9,-23.54,0,1,0
2515.0,23,12.568410423445329,69.0,274.1969772236052,11,-27.98,0,0,1
2520.0,18,8.283441063148652,40.0,312.5089294911728,7,-18.400000000000002,0,0,0
2525.0,25,23.081848522324677,12.0,328.0201228708617,5,-15.24,1,0,0
2530.0,22,19.223770015556685,12.0,250.10982545749272,6,-16.64,1,1,0
2535.0,24,23.983745005741913,22.0,196.12233017636444,3,-11.240000000000002,1,0,0
2540.0,20,13.376437003387451,27.0,200.31753014586548,7,-18.54,0,1,0
2545.0,22,4.553633305956123,53.0,214.25262399663214,17,-39.46,0,0,1
2550.0,21,12.050158985218006,42.0,256.347841099857,6,-17.04,0,0,0
2555.0,18,19.63762598561135,32.0,274.8463528142107,5,-14.24,1,0,0
2560.0,24,24.168286378773168,17.0,268.7804809692173,2,-9.14,1,1,0
2565.0,22,22.574236504398268,7.0,215.75262707944063,6,-16.54,1,0,0
2570.0,23,7.709314762121257,28.0,203.59071895556673,7,-19.16,0,1,0
2575.0,23,15.116633604733511,61.0,275.4038580831007,11,-27.82,0,0,1
2580.0,17,9.942190904512588,42.0,302.03137947855123,6,-16.240000000000002,0,0,0
2585.0,24,24.464690884881005,24.0,318.06274919333686,4,-13.280000000000001,1,0,0
2590.0,22,20.276130835401425,14.0,277.1988555419939,5,-14.68,1,1,0
2595.0,24,23.066040527023628,26.0,205.51495888413808,4,-13.32,1,0,0
2600.0,21,13.517207383745049,29.0,223.64043588793305,7,-18.78,0,1,0
2605.0,23,3.7298511884480843,56.0,242.29506912205522,17,-39.72,0,0,1
2610.0,23,13.926683899409891,45.0,300.8565305173779,6,-17.5,0,0,0
2615.0,18,18.71458604962998,26.0,263.3800617337998,5,-14.12,1,0,0
2620.0,25,25.319894657525513,17.0,291.0294506663521,2,-9.34,1,1,0
2625.0,22,21.06688883356122,12.0,222.16875754230827,7,-18.64,1,0,0
2630.0,23,6.552109088124468,38.0,222.94988790716297,8,-21.360000000000003,0,1,0
2635.0,23,12.607666137387026,71.0,289.4446623396668,12,-30.020000000000003,0,0,1
2640.0,17,6.328397555037995,45.0,312.04098437900785,6,-16.3,0,0,0
2645.0,24,23.224838934646243,17.0,298.8604115241762,4,-13.14,1,0,0
2650.0,22,21.82218284697473,16.0,257.56449143545825,5,-14.72,1,1,0
2655.0,25,23.02671253026441,26.0,208.43350372291232,4,-13.52,1,0,0
2660.0,21,14.301854827076955,29.0,212.36497394579166,6,-16.78,0,1,0
2665.0,23,3.234015845004257,50.0,224.0535346700978,16,-37.6,0,0,1
2670.0,23,12.448462798880916,31.0,279.31951272697233,5,-15.219999999999999,0,0,0
2675.0,19,21.557545680422436,21.0,284.75258758183577,4,-12.22,1,0,0
2680.0,24,25.80485618164814,18.0,243.07838520578596,2,-9.16,1,1,0
2685.0,21,20.477929498395035,6.0,181.16729310325488,7,-18.32,1,0,0
2690.0,23,6.05728868179618,31.0,183.66367913563528,10,-25.220000000000002,0,1,0
2695.0,22,14.211091849611282,66.0,238.47016203430687,11,-27.72,0,0,1
2700.0,16,5.877245687234268,48.0,257.48479025699,7,-18.16,0,0,0
2705.0,23,20.221114211055035,26.0,257.31059501470446,5,-15.120000000000001,1,0,0
2710.0,24,18.248890000193523,19.0,297.5334611068553,7,-19.18,1,1,0
2715.0,27,21.199201098663835,35.0,247.97851907091072,6,-18.1,1,0,0
2720.0,22,11.926373879379518,40.0,257.21901257842484,8,-21.200000000000003,0,1,0
2725.0,25,5.911848542008507,56.0,296.6218988471462,17,-40.12,0,0,1
2730.0,23,13.914242446715885,45.0,312.2891406275408,6,-17.5,0,0,0
2735.0,19,18.75843066197747,28.0,326.4017959414579,5,-14.360000000000001,1,0,0
2740.0,25,26.12341540941992,19.0,305.28585206398407,2,-9.379999999999999,1,1,0
2745.0,23,20.383998645205168,11.0,245.44862506804074,7,-18.82,1,0,0
2750.0,23,5.051401779090046,40.0,239.08248847422064,9,-23.400000000000002,0,1,0
2755.0,23,13.40879766808119,81.0,308.3117192705072,13,-32.22,0,0,1
2760.0,17,6.386302165499046,52.0,333.21434831825644,7,-18.439999999999998,0,0,0
2765.0,25,24.024383491538654,19.0,366.9269665312557,4,-13.38,1,0,0
2770.0,22,20.11016251568762,15.0,277.99015850641734,5,-14.700000000000001,1,1,0
2775.0,25,21.96716004056261,24.0,217.06722933215414,3,-11.48,1,0,0
2780.0,21,13.532883999818827,27.0,220.6830604437314,7,-18.74,0,1,0
2785.0,23,3.8932789512332526,55.0,238.80033891731753,17,-39.7,0,0,1
2790.0,22,11.632422961310029,45.0,284.6049697311328,6,-17.3,0,0,0
2795.0,19,20.381294993645742,28.0,298.00435952401324,5,-14.360000000000001,1,0,0
2800.0,25,23.739436801454822,19.0,293.80524720678073,2,-9.379999999999999,1,1,0
2805.0,23,20.18142434494065,11.0,244.69745051632154,6,-16.82,1,0,0
2810.0,26,10.176352664296012,41.0,273.40330505441125,9,-24.02,0,1,0
2815.0,24,14.190903914386348,74.0,306.9844254267519,11,-28.28,0,0,1
2820.0,17,5.94406681978191,46.0,316.65320594174904,7,-18.32,0,0,0
2825.0,25,22.24507487707446,17.0,350.4407461936463,3,-11.34,1,0,0
2830.0,23,23.14857564707693,12.0,293.9604136854644,5,-14.84,1,1,0
2835.0,25,21.216515034690186,26.0,220.14063160433028,6,-17.52,1,0,0
2840.0,23,13.729728445355683,38.0,251.88351553248896,10,-25.360000000000003,0,1,0
2845.0,25,4.548136290164492,71.0,283.1037767054806,17,-40.42,0,0,1
2850.0,23,10.691778017219251,41.0,315.4714961918072,5,-15.420000000000002,0,0,0
2855.0,21,20.269873283628733,18.0,374.20168184138726,4,-12.559999999999999,1,0,0
2860.0,25,25.496846558176593,17.0,277.98168404066575,2,-9.34,1,1,0
2865.0,22,19.998861725252517,8.0,212.1721767143457,7,-18.560000000000002,1,0,0
2870.0,24,6.61439222090761,38.0,218.11581110013466,10,-25.560000000000002,0,1,0
2875.0,24,14.247654230981613,76.0,289.5661002743843,11,-28.32,0,0,1
2880.0,18,8.25091499154918,44.0,318.57161144330075,7,-18.48,0,0,0
2885.0,25,21.900998643864007,13.0,330.8578075118202,4,-13.26,1,0,0
2890.0,23,20.324670126485998,14.0,284.97526288387536,6,-16.88,1,1,0
2895.0,27,23.04290331928438,25.0,260.1750913071092,5,-15.9,1,0,0
2900.0,23,14.626383067250234,33.0,246.77456696928368,9,-23.26,0,1,0
2905.0,23,3.3152239889350956,61.0,250.36082284069872,17,-39.82,0,0,1
2910.0,24,15.024339481793811,37.0,333.36158688761554,6,-17.54,0,0,0
2915.0,19,23.53879054250961,19.0,305.440554080639,4,-12.180000000000001,1,0,0
2920.0,23,25.015489920658304,19.0,236.23003780024558,2,-8.98,1,1,0
2925.0,21,22.047121304615533,8.0,195.79791402887807,7,-18.36,1,0,0
2930.0,23,9.502068967573546,28.0,194.6122822158634,6,-17.16,0,1,0
2935.0,21,14.48314857800084,63.0,228.09821970746154,11,-27.46,0,0,1
2940.0,16,8.326012072764753,41.0,249.69760219060328,6,-16.02,0,0,0
2945.0,23,23.089466558330404,24.0,286.78152497073677,4,-13.080000000000002,1,0,0
2950.0,23,17.57661025651331,22.0,282.29976674440076,6,-17.04,1,1,0
2955.0,25,21.090989279768397,36.0,220.37530356938765,5,-15.72,1,0,0
2960.0,23,13.586918172510662,41.0,257.2271848990769,6,-17.42,0,1,0
2965.0,24,3.9128799930231346,52.0,261.8970062172807,18,-41.84,0,0,1
2970.0,25,15.218802478527993,34.0,345.16712846914754,5,-15.68,0,0,0
2975.0,20,23.229358498276504,28.0,340.4717231383399,5,-14.56,1,0,0
2980.0,24,24.36375567471152,18.0,257.3722671470883,2,-9.16,1,1,0
2985.0,22,21.60836075925205,9.0,207.65803348472835,6,-16.58,1,0,0
2990.0,22,4.656359658532318,31.0,191.04791526008287,8,-21.020000000000003,0,1,0
2995.0,23,14.721761979140984,66.0,265.47009241362304,10,-25.92,0,0,1
3000.0,16,5.576936968530298,51.0,272.4761061466084,6,-16.22,0,0,0
3005.0,24,21.779197305416893,30.0,317.710328966547,4,-13.4,1,0,0
3010.0,23,20.8259141788775,15.0,301.1015727253922,6,-16.900000000000002,1,1,0
3015.0,25,22.109389444706025,25.0,224.70619293241552,4,-13.5,1,0,0
3020.0,23,12.624233070641765,27.0,258.34076123819676,6,-17.14,0,1,0
3025.0,24,2.8826701679227673,59.0,266.10479785254915,18,-41.980000000000004,0,0,1
3030.0,23,10.256756743019297,46.0,315.77977906364583,6,-17.52,0,0,0
3035.0,21,21.37866057897529,40.0,371.63623496731833,6,-17.0,1,0,0
3040.0,25,23.036257192395702,21.0,290.6682688837501,3,-11.42,1,1,0
3045.0,23,22.820064560238688,8.0,237.45365002104674,6,-16.76,1,0,0
3050.0,23,4.849662962018875,30.0,215.45752230336413,7,-19.2,0,1,0
3055.0,23,11.943206929945344,62.0,279.76285183712724,13,-31.84,0,0,1
3060.0,17,5.774025132484143,44.0,302.0651503326982,7,-18.28,0,0,0
3065.0,25,21.57911000258915,27.0,325.33262702778495,5,-15.54,1,0,0
3070.0,23,18.468043067694094,16.0,285.1804902672424,7,-18.92,1,1,0
3075.0,27,21.73901346258592,23.0,267.4557203189772,4,-13.860000000000001,1,0,0
3080.0,24,13.14872585388241,28.0,258.1214931851032,9,-23.36,0,1,0
3085.0,25,4.680783562826078,61.0,278.6394071893018,19,-44.22,0,0,1
3090.0,23,13.02188422964689,54.0,319.36348596521566,6,-17.68,0,0,0
3095.0,19,19.85064343072907,33.0,313.25615015191545,5,-14.46,1,0,0
3100.0,25,23.74000725715172,18.0,304.6733703535764,2,-9.36,1,1,0
3105.0,23,22.215071025309374,7.0,255.8531511919487,6,-16.740000000000002,1,0,0
3110.0,23,5.746635424571366,37.0,242.03088991156912,10,-25.34,0,1,0
3115.0,23,13.373098079181934,78.0,310.08272733748674,12,-30.16,0,0,1
3120.0,19,9.52022513293785,54.0,369.7995721590607,7,-18.88,0,0,0
3125.0,25,22.960852228714558,23.0,366.86471827987185,4,-13.46,1,0,0
3130.0,24,19.582535692318558,15.0,320.234213117148,6,-17.1,1,1,0
3135.0,27,21.353039731807097,34.0,263.10639096105535,6,-18.08,1,0,0
3140.0,23,11.148720273633648,48.0,283.7251947757423,10,-25.560000000000002,0,1,0
3145.0,25,3.727269965668231,73.0,309.45373462057034,19,-44.46,0,0,1
3150.0,24,13.23977117905627,50.0,362.8067901197103,6,-17.8,0,0,0
3155.0,20,22.792388841750526,45.0,351.368728686293,6,-16.9,1,0,0
3160.0,25,21.756111535698466,22.0,304.1450737083099,3,-11.440000000000001,1,1,0
3165.0,23,22.478624390543064,10.0,249.94294731977357,6,-16.8,1,0,0
3170.0,24,6.903299826161942,34.0,254.3088418633542,7,-19.48,0,1,0
3175.0,23,13.15671801390802,65.0,297.83684374612426,10,-25.900000000000002,0,0,1
3180.0,17,5.66182749320096,52.0,322.3664909680109,7,-18.439999999999998,0,0,0
3185.0,26,22.149323520546535,23.0,402.33702349081693,5,-15.66,1,0,0
3190.0,25,20.13984533616528,16.0,349.0956481669077,6,-17.32,1,1,0
3195.0,27,19.792396698196015,35.0,272.39604458177985,6,-18.1,1,0,0
3200.0,24,10.920204092754995,54.0,307.0901264556476,9,-23.88,0,1,0
3205.0,26,3.1807928758400834,74.0,335.83361682783425,18,-42.68,0,0,1
3210.0,25,11.28421036992561,50.0,391.7459312857794,6,-18.0,0,0,0
3215.0,22,22.50530702867364,22.0,427.87263346476936,5,-14.84,1,0,0
3220.0,25,23.149343121966258,18.0,281.60774492598864,2,-9.36,1,1,0
3225.0,23,20.129155313482343,9.0,231.32541194886943,7,-18.78,1,0,0
3230.0,24,5.999716598348437,36.0,222.31689139872535,9,-23.52,0,1,0
3235.0,24,13.011709953516071,75.0,296.4918838515847,12,-30.3,0,0,1
3240.0,19,9.3287655377048,48.0,328.50766609138054,7,-18.76,0,0,0
3245.0,26,24.19433681412742,27.0,379.2030399529943,5,-15.739999999999998,1,0,0
3250.0,23,17.62255687648153,16.0,290.0181659330892,6,-16.92,1,1,0
3255.0,25,21.49529912575755,23.0,216.9289984808856,4,-13.46,1,0,0
3260.0,23,13.819017138341184,29.0,244.37890372116271,9,-23.18,0,1,0
3265.0,24,3.2051047931925,57.0,255.99617668415613,19,-43.94,0,0,1
3270.0,22,11.537730404987752,51.0,304.1835584053804,6,-17.42,0,0,0
3275.0,19,19.514375417354255,30.0,316.97574783661463,5,-14.4,1,0,0
3280.0,25,24.96675625567971,18.0,308.52176821596083,2,-9.36,1,1,0
3285.0,23,21.0975305078099,6.0,250.17083709252836,5,-14.719999999999999,1,0,0
3290.0,23,5.425319620704877,38.0,242.13995806372054,9,-23.360000000000003,0,1,0
3295.0,23,13.794323763155491,78.0,310.60322362689493,12,-30.16,0,0,1
3300.0,17,6.148789274303415,52.0,336.510744950945,7,-18.439999999999998,0,0,0
3305.0,25,23.56969673512208,23.0,366.2399507197526,4,-13.46,1,0,0
3310.0,21,21.823846772111807,13.0,270.95364870268793,4,-12.46,1,1,0
3315.0,24,24.097984927809044,18.0,207.723811444138,3,-11.16,1,0,0
3320.0,20,14.04565032796737,16.0,210.18811120174675,5,-14.32,0,1,0
3325.0,22,3.5244559400052373,56.0,222.24410636873358,17,-39.519999999999996,0,0,1
3330.0,23,13.377288996593796,48.0,301.4660272128953,6,-17.560000000000002,0,0,0
3335.0,20,20.191050776042726,30.0,347.47965415229413,5,-14.6,1,0,0
3340.0,25,25.34254169965663,18.0,295.4293375694903,2,-9.36,1,1,0
3345.0,23,20.50517870138884,10.0,245.9378979195399,6,-16.8,1,0,0
3350.0,23,5.43349599685693,36.0,230.5341406462835,9,-23.32,0,1,0
3355.0,23,12.975781831395388,74.0,295.75304576956967,11,-28.080000000000002,0,0,1
3360.0,18,9.259457240221998,48.0,337.14655725215033,6,-16.560000000000002,0,0,0
3365.0,24,22.005647671470214,15.0,306.8743603045998,3,-11.100000000000001,1,0,0
3370.0,22,22.684984831705798,11.0,292.87961262266407,4,-12.620000000000001,1,1,0
3375.0,24,21.188286817504235,19.0,208.22118510649227,4,-13.180000000000001,1,0,0
3380.0,22,14.245844637458026,22.0,243.25390622415728,6,-16.84,0,1,0
3385.0,23,2.2205443189448,67.0,244.99942524795352,18,-41.940000000000005,0,0,1
3390.0,23,10.614165686906539,43.0,316.61497914338,5,-15.46,0,0,0
3395.0,21,20.538131335481935,24.0,373.018028288783,4,-12.68,1,0,0
3400.0,25,24.878122544060336,18.0,271.3420787816335,2,-9.36,1,1,0
3405.0,23,19.594306113755287,10.0,226.88137412215534,7,-18.8,1,0,0
3410.0,24,6.4955976359276555,38.0,223.20513465433518,9,-23.560000000000002,0,1,0
3415.0,24,14.397575472358959,71.0,291.6165060507189,10,-26.220000000000002,0,0,1
3420.0,17,5.94873767222464,40.0,301.0441658946461,7,-18.200000000000003,0,0,0
3425.0,25,22.57394813130274,12.0,332.27491639902667,4,-13.24,1,0,0
3430.0,24,19.80072603480494,17.0,291.7999029848377,7,-19.14,1,1,0
3435.0,27,21.00365829583166,34.0,235.79915740653178,6,-18.08,1,0,0
3440.0,23,11.762403972203323,49.0,250.89469961636297,10,-25.580000000000002,0,1,0
3445.0,25,3.5565002236108003,62.0,274.98944689828295,18,-42.24,0,0,1
3450.0,24,13.135920355381435,32.0,311.4226775918692,6,-17.44,0,0,0
3455.0,19,23.45442790370735,18.0,315.3293515694324,4,-12.16,1,0,0
3460.0,23,26.100977879376842,19.0,236.37241932058487,2,-8.98,1,1,0
3465.0,20,21.105159154641413,9.0,172.58955239512338,6,-16.18,1,0,0
3470.0,21,5.295568213360298,29.0,166.27364866176984,6,-16.78,0,1,0
3475.0,21,14.473641190285006,55.0,223.83123343031355,10,-25.3,0,0,1
3480.0,16,9.599995240103432,27.0,257.69054430572953,5,-13.739999999999998,0,0,0
3485.0,22,23.37264822979176,22.0,238.19947586016943,4,-12.84,1,0,0
3490.0,21,18.47970749733623,15.0,248.00065065266725,5,-14.5,1,1,0
3495.0,24,23.582566235504743,24.0,189.81060631123313,3,-11.280000000000001,1,0,0
3500.0,22,15.476137210219445,22.0,209.2840129385341,7,-18.84,0,1,0
3505.0,24,7.262685860999609,47.0,240.51241358937983,17,-39.739999999999995,0,0,1
3510.0,21,12.62557606279254,41.0,241.7527276020563,5,-15.02,0,0,0
3515.0,17,19.235538114743424,29.0,222.14346875185123,5,-13.98,1,0,0
3520.0,24,24.65316771000148,17.0,256.3060137251558,2,-9.14,1,1,0
3525.0,22,21.289527811345263,10.0,209.21630744148342,6,-16.6,1,0,0
3530.0,22,4.460952871509587,30.0,192.2086907340973,7,-19.0,0,1,0
3535.0,22,13.250703862152518,59.0,252.43820591350882,10,-25.58,0,0,1
3540.0,16,6.29731401271065,46.0,270.98221773416896,7,-18.12,0,0,0
3545.0,25,22.842686049756264,17.0,343.0812893704291,4,-13.34,1,0,0
3550.0,22,23.156399502835423,13.0,292.51888829634174,4,-12.66,1,1,0
3555.0,25,21.548760854359287,18.0,226.8671957103189,3,-11.36,1,0,0
3560.0,21,13.235303096774963,18.0,232.1626368345234,6,-16.56,0,1,0
3565.0,24,3.858485724686478,62.0,266.54859636890023,17,-40.040000000000006,0,0,1
3570.0,23,10.98373405913082,40.0,317.8355947587146,5,-15.400000000000002,0,0,0
3575.0,20,20.65878241105237,19.0,328.00600102097974,4,-12.38,1,0,0
3580.0,25,23.76191790197993,16.0,281.80232995522357,2,-9.32,1,1,0
3585.0,22,19.417434950243507,10.0,215.68654731157505,8,-20.6,1,0,0
3590.0,23,5.477589444385843,39.0,217.43666216540518,10,-25.380000000000003,0,1,0
3595.0,23,13.433354113011921,74.0,280.00460878050967,10,-26.080000000000002,0,0,1
3600.0,17,5.77768066642298,42.0,303.6627323433133,6,-16.240000000000002,0,0,0
3605.0,16,24.156159937149877,14.0,319.9594494855974,2,-7.48,1,0,0
3610.0,13,28.649281179590965,0.0,240.7664432795171,0,-2.6,1,1,0
3615.0,8,33.56803682138301,1.0,133.31112829880811,1,-3.62,1,0,0
3620.0,5,0.07639943747621694,14.0,115.88886996356366,5,-11.28,0,1,0
3625.0,5,0.0,39.0,140.88447917186028,5,-11.78,0,0,1
3630.0,5,7.354639482340197,12.0,164.83030719058723,1,-3.24,0,0,0
3635.0,4,35.172509616126504,0.0,133.46804032769097,0,-0.8,1,0,0
3640.0,1,49.06627847183891,0.0,32.160495023986606,0,-0.2,1,1,0
3644.0,0,0.0,0.0,0.0,0,-0.0,1,0,0
